,SKU_Labels
0,CIADHL02630002SI
1,CIADHL02630003SI
2,CIADHR02620004SI
3,CIADHR02620006SI
4,CIADHR02620007SI
5,CIBABT02900001SI
6,CIBABT02900003SI
7,CIBABT02900005SI
8,CIBAEV02880002SI
9,CIBAOO02890002SI
10,CIBAOO02890006SI
11,CIBAOO02890007SI
12,CIBAOO02890008SI
13,CIBAOO02890009SI
14,CIBAOO05710003SI
15,CIBLUJ04140034SI
16,CIBLUJ04140038SI
17,CIBLYH04130007SI
18,CIBPNG04650001SI
19,CICEIC02730002SI
20,CICEII05420005SI
21,CICEII05420011SI
22,CICEII05420019SI
23,CICEII05420020SI
24,CICEII05420021SI
25,CICEII05420022SI
26,CICERD02740002SI
27,CICERD02740004SI
28,CICEXA04610241SI
29,CICEXJ02770002SI
30,CICEXJ02770003SI
31,CICEXJ02770004SI
32,CIDOIQ04720010SI
33,CIDOKT05940003SI
34,CIDOKT05940004SI
35,CIDOZZ04742051SI
36,CIDOZZ04742052SI
37,CIFLDM06200002SA
38,CIFLDM06200003SA
39,CIFLDM06200004SA
40,CIFLJC02820001SI
41,CIFLJV03670002SI
42,CIFLLF02850002SI
43,CIFLLF02850003SI
44,CIFLLF02850009SI
45,CIFLLF02850010SI
46,CIFLLF02850011SI
47,CIFLLF02850012SI
48,CIFLLF02850013SI
49,CIFLLF02850014SA
50,CIFLLF02850014SI
51,CIFLNG02870006SI
52,CIFLNG02870007SI
53,CIFLWC02790003SI
54,CIFLXW04600006SI
55,CIFLXW04600011SI
56,CIFLYJ02780006SI
57,CIFLZW02800002SI
58,CIFLZW02800005SI
59,CIFUAQ02530009SI
60,CIFUAQ02530015SI
61,CIFUAV04010001SI
62,CIFUAV04010004SI
63,CIFUBG05540002SI
64,CIFUBG05540003SI
65,CIFUBG05540004SI
66,CIFUBG05540005SI
67,CIFUBQ05580003SI
68,CIFUBQ05580004SI
69,CIFUBQ05580005SI
70,CIFUFG02470007SI
71,CIFUFG02470008SI
72,CIFUGJ02510003SI
73,CIFUGJ02519901SA
74,CIFUGJ02519902SA
75,CIFUGJ02519903SA
76,CIFUGJ02519904SA
77,CIFUIK02500005SI
78,CIFUIK02500007SI
79,CIFUIK02500008SI
80,CIFUKV06180002SI
81,CIFUKV06180003SI
82,CIFUKV06180004SI
83,CIFULK02550002SI
84,CIFUOX06190002SI
85,CIFUOX06190003SI
86,CIFUOX06190004SI
87,CIFUPX05640002SI
88,CIFURT04060011SI
89,CIFURT04060012SI
90,CIFURT04060013SI
91,CIFUSI02490009SI
92,CIFUSS04050001SI
93,CIFUXU02480015SI
94,CIFUXU02480016SI
95,CIFUZD02600005SI
96,CIFUZD02600006SI
97,CIFUZD02600007SI
98,CIGPUD03570015SI
99,CIGPUD03570115SI
100,CIGPUD03570133SI
101,CIGPUD03570151SI
102,CIGPUD03570169SI
103,CIGSFF04070002SI
104,CIGSGR04080001SI
105,CIGSLO03980003SI
106,CIGSLO03980004SI
107,CIGSLO03980005SI
108,CIGSLO03980006SI
109,CIGSLO03980007SI
110,CIGSLO03980009SI
111,CIGSSG05990015SI
112,CIGSSG05990016SI
113,CIGSSG05990017SI
114,CIGSSG05990018SI
115,CIMSDC03930002SI
116,CIMSIY05150003SI
117,CIMSPC04680002SI
118,CIMSSN05530001SI
119,CIMSSS03920004SI
120,CIPTHP03070002SI
121,CIPTHP03070003SI
122,CIPTHP03070004SI
123,CIPTHP03070005SI
124,CIPTHP03070006SI
125,CIPTHP03070007SI
126,CIPTHP03070008SI
127,CIPTHP03070009SI
128,CIPTHP03070010SI
129,CIPTHP03070011SI
130,CIPTHP03070012SI
131,CIPTHP03070013SI
132,CIPTHP03070014SI
133,CIPTHP03070015SI
134,CIPTHP03070016SI
135,CIPTHP03070018SI
136,CIPTHP03070020SI
137,CIPTHP03070021SI
138,CIPTHP03070022SI
139,CIPTHP03070024SI
140,CIPTHP03070030SI
141,CIPTHP03070031SI
142,CIPTIJ03080001SI
143,CIPTIJ03080003SI
144,CIPTNH04100041SI
145,CIPTPP03090002SI
146,CIPTSX03100001SI
147,CIPTSX03100003SI
148,CITWAX04850010SI
149,CITWTC04710002SO
150,CITWWU04840005SI
151,CITWWU04840006SI
152,CITWWU04840007SI
153,CITWWU04840008SI
154,CITWXP04810003SI
155,CIVIDF02680001SI
156,CIVIDF02680003SI
157,CIVIDF02680004SI
158,CIVIOP02690004SI
159,CIVIQB02720005SI
160,CIVISY02710001SI
161,CIVIUB02670003SI
162,CIVIXI02700003SI
163,CIWACQ02970005SI
164,CIWACQ02970007SI
165,CIWACQ02970010SI
166,CIWACQ02970011SI
167,CIWACZ02980007SI
168,CIWACZ05700003SI
169,CIWACZ05700004SI
170,CIWAFH05680004SI
171,CIWALD02950001SI
172,CIWAMJ04670003SI
173,CIWAMT03050002SI
174,CIWANM02990008SI
175,CIWANQ03000001SI
176,CIWAPR02960007SI
177,CIWAPR02960010SI
178,CIWAPR02960011SI
179,CIWAPR02960012SI
180,CIWAVP04660003SI
181,CIWAVP04660004SI
182,CIWAVP04660007SI
183,CIWAVQ02940004SI
184,CIWAVQ02940005SI
185,CIWAVQ02940007SI
186,CIWAXK03030003SI
187,CIWAXK05690003SI
188,CIWAXK05690004SI
189,FFLFBY03720001SA
190,FFLFBY03720008SI
191,FFLFBY03720016SI
192,FFLFBY03720024SI
193,FFLFBY03720026SI
194,FFLFBY03729902SA
195,FFLFBY03729903SA
196,FFLFBY03729904SA
197,FFLFBY03729905SA
198,FFLFBY03729906SA
199,FFLFBY03729907SA
200,FFLFBY03729908SA
201,FFLFBY03729909SA
202,FFLFBY03729910SA
203,FFLFBY03729911SA
204,FFLFBY03729912SA
205,FFLFBY03729913SA
206,FFLFBY03729914SA
207,FFLFBY03729915SA
208,FFMFLO04690002SO
209,FFMFLO05930009SI
210,FFMFLO05930010SI
211,FFMFLO05930011SI
212,FFMFLO05930012SI
213,FFMFLO05930013SI
214,FFMFLO05930014SI
215,FFMFLO05930015SI
216,FFSYGX06170001SI
217,FFSYMK05330001SI
218,FFSYMZ03631431SO
219,FFSYMZ03631577SO
220,FFSYMZ03631724SO
221,FFSYMZ03632007SO
222,FFSYMZ03632159SO
223,FFSYMZ03632298SO
224,FFSYPZ03620009SO
225,FFSYPZ03620010SO
226,FFSYPZ03620020SO
227,FFSYPZ03620033SO
228,FFSYPZ03629909SA
229,FFSYPZ03629910SA
230,FFSYPZ03629911SA
231,FFSYPZ03629912SA
232,FFSYPZ03629913SA
233,FFSYPZ03629914SA
234,FFSYPZ03629915SA
235,FFSYPZ03629916SA
236,FFSYPZ03629917SA
237,FFSYPZ03629918SA
238,FFSYPZ03629919SA
239,FFSYPZ03629920SA
240,FFSYPZ03629921SA
241,FFSYPZ03629922SA
242,FFSYPZ03629923SA
243,MEACAK05760008SI
244,MEACAK05760009SI
245,MEACAK05760010SI
246,MEACAK05760011SI
247,MEACAK05760012SI
248,MEACAK05760013SI
249,MEACAK05760014SI
250,MEACAK05760015SI
251,MEACAK05760016SI
252,MEACAK05760017SI
253,MEACAK05760018SI
254,MEACAK05760019SI
255,MEACAK05760020SI
256,MEACAK05760021SI
257,MEACAK05760022SI
258,MEACAK05760023SI
259,MEACAK05760024SI
260,MEACAK05760025SI
261,MEACAK05760026SI
262,MEACAK05760027SI
263,MEACAK05760028SI
264,MEACAK05760029SI
265,MEACAK05760030SI
266,MEACAK05760031SI
267,MEACAK05760033SI
268,MEACAK05760034SI
269,MEACAK05760035SI
270,MEACAK05760036SI
271,MEACAK05760037SI
272,MEACAK05760038SI
273,MEACAK05760039SI
274,MEACAK05760040SI
275,MEACAK05760041SI
276,MEACAK05760042SI
277,MEACAK05760043SI
278,MEACAK05760044SI
279,MEACAK05760045SI
280,MEACAK05760046SI
281,MEACAK05760047SI
282,MEACAK05760048SI
283,MEACAK05760049SI
284,MEACAK05760050SI
285,MEACAK05760051SI
286,MEACAK05760052SI
287,MEACBU00450002SI
288,MEACDC00460002SI
289,MEACEM00480002SI
290,MEACEM00480007SI
291,MEACER00500001SI
292,MEACES00420003SI
293,MEACPB00490002SI
294,MEACRE00520033SI
295,MEACRE00520034SI
296,MEACRE00520035SI
297,MEACRE00520036SI
298,MEACRE00520037SI
299,MEACSA00440001SI
300,MEACXQ05430002SI
301,MEACXQ05430003SI
302,MEAFAF03110047SI
303,MEAFAF03110048SI
304,MEAFAF03110049SI
305,MEAFAF03110050SI
306,MEAFAF03110051SI
307,MEAFAF03110052SI
308,MEAFAF03110053SI
309,MEAFAF03110054SI
310,MEAFAF03110055SI
311,MEAFAF03110056SI
312,MEAFAF03110057SI
313,MEAFAF03110058SI
314,MEAFAF03110059SI
315,MEAFAF03110060SI
316,MEAFAF03110061SI
317,MEAFAF03110062SI
318,MEAFAF03110063SI
319,MEAFAF03110064SI
320,MEAFAF03110065SI
321,MEAFAF03110066SI
322,MEAFAF03110067SI
323,MEAFAF03110068SI
324,MEAFAF03110069SI
325,MEAFAF03110070SI
326,MEAFAF03110071SI
327,MEAFAF03110072SI
328,MEAFAF03110073SI
329,MEAFAF03110074SI
330,MEAFAF03110075SI
331,MEAFAF03110076SI
332,MEAFAF03110077SI
333,MEAFAF03110078SI
334,MEAFAF03110079SI
335,MEAFAF03110080SI
336,MEAFAF03110081SI
337,MEAFAF03110082SI
338,MEAFAF03110083SI
339,MEAFAF03110084SI
340,MEAFAF03110085SI
341,MEAFAF03110086SI
342,MEAFAF03110087SI
343,MEAFAF03110088SI
344,MEAFAF03110089SI
345,MEAFAF03110090SI
346,MEBMBC00020024SI
347,MEBMBC00020054SI
348,MEBMBC00020056SI
349,MEBMBC00020064SI
350,MEBMBC00020069SI
351,MEBMBC00020070SI
352,MEBMBC00020071SI
353,MEBMBC00020072SI
354,MEBMBC00020073SI
355,MEBMBC00020074SI
356,MEBMBC00020075SI
357,MEBMBC00020076SI
358,MEBMBC00020077SI
359,MEBMBC00020078SI
360,MEBMBC00020079SI
361,MEBMBC00020080SI
362,MEBMBC00020081SI
363,MEBMBC00020082SI
364,MEBMBC00020083SI
365,MEBMBC00020084SI
366,MEBMBC00020085SI
367,MEBMBS00180119SI
368,MEBMBS00180120SI
369,MEBMCR00080002SI
370,MEBMDP06090005SI
371,MEBMDP06090006SI
372,MEBMHS00070001SI
373,MEBMMX06080001SI
374,MEBMPH00060002SI
375,MEBMPI00160001SI
376,MEBMPI00169905SA
377,MEBMPI00169906SA
378,MEBMPI00169907SA
379,MEBMPI00169908SA
380,MEBMPI00169909SA
381,MEBMPI00169910SA
382,MEBMPI00169911SA
383,MEBMPS00130002SI
384,MEBMPT00140001SI
385,MEBMRH00110001SI
386,MEBMRH00110003SI
387,MEBMRH00110004SI
388,MEBMSE00090002SI
389,MEBMSE00090003SI
390,MEBMTL00050002SI
391,MEBMTS00100003SI
392,MEBMTT00120001SI
393,MEBMVS00150002SI
394,MEBMWA00170002SI
395,MEBMWA00170005SI
396,MEBMWA00170006SI
397,MEBMWA00170007SI
398,MECCBL00280003SI
399,MECCBL00280008SI
400,MECCBL00280009SI
401,MECCBL00280010SI
402,MECCBL00280011SI
403,MECCBL00280012SI
404,MECCBL00280013SI
405,MECCBL00280014SI
406,MECCBL00280015SI
407,MECCBL00280016SI
408,MECCBL00280017SI
409,MECCBL00280022SI
410,MECCBL00280023SI
411,MECCCA00300001SI
412,MECCCB02260055SO
413,MECCCT00390025SI
414,MECCCT00390031SI
415,MECCCT00390038SI
416,MECCCT00390061SI
417,MECCCT00390124SI
418,MECCCT00390125SI
419,MECCCT00390126SI
420,MECCCT00390127SI
421,MECCCT00390128SI
422,MECCCT00390129SI
423,MECCCT00390130SI
424,MECCCT00390131SI
425,MECCCT00390132SI
426,MECCCT00390133SI
427,MECCCT00390134SI
428,MECCCT00390135SI
429,MECCCT00390136SI
430,MECCCT00390137SI
431,MECCCT00390138SI
432,MECCCT00390139SI
433,MECCCT00390140SI
434,MECCCT00390141SI
435,MECCDU00250006SI
436,MECCHD00340002SI
437,MECCHD00340004SI
438,MECCHD00340005SI
439,MECCHD00340006SI
440,MECCMO00330002SI
441,MECCMO00330003SI
442,MECCMO00330004SI
443,MECCMO00330005SI
444,MECCMP00380003SI
445,MECCPO00270006SI
446,MECCTV00320032SI
447,MECCTV00320033SI
448,MECCTV00320034SI
449,MECCTV00320035SI
450,MECCTV00320036SI
451,MECCTV00320037SI
452,MECCTV00320038SI
453,MECCTV00320039SI
454,MECCTV00320040SI
455,MECCTV00320041SI
456,MECCTV00320042SI
457,MECCTV00320043SI
458,MECCTV00320044SI
459,MECCTV00320045SI
460,MECCTV00320046SI
461,MECCTV00320047SI
462,MECCVR00360007SI
463,MECCVR00360010SI
464,MECCVR00360013SI
465,MECCVR00360015SI
466,MECCVR00360020SI
467,MECCVR00360025SI
468,MEELAD01180002SI
469,MEELCD01330002SI
470,MEELCD01330003SI
471,MEELCD01330004SI
472,MEELCI01290002SI
473,MEELCW01380008SI
474,MEELCW01380019SI
475,MEELCW01380023SI
476,MEELCW01380024SI
477,MEELCW01380047SI
478,MEELCW01380048SI
479,MEELCW01380049SI
480,MEELCW01380050SI
481,MEELCW01380051SI
482,MEELCW01380052SI
483,MEELCW01380053SI
484,MEELDB01470001SI
485,MEELDB01470003SI
486,MEELDB01470015SI
487,MEELDB01470016SI
488,MEELDB01470039SI
489,MEELDB01470040SI
490,MEELDB01470041SI
491,MEELDB01470042SI
492,MEELDB01470043SI
493,MEELDB01470045SI
494,MEELDB01470084SI
495,MEELDB01470087SI
496,MEELDB01470088SI
497,MEELDB01470096SI
498,MEELDB01470101SI
499,MEELDB01470104SI
500,MEELDB01470107SI
501,MEELDB01470152SI
502,MEELDB01470155SI
503,MEELDB01470158SI
504,MEELDB01470169SI
505,MEELDB01470172SI
506,MEELDB01470175SI
507,MEELDO01270001SI
508,MEELEB01390003SI
509,MEELEB01390004SI
510,MEELEB01390006SI
511,MEELEB01390007SI
512,MEELEB01390016SI
513,MEELEB01390022SI
514,MEELEB01390024SI
515,MEELEB01390038SI
516,MEELEB01390039SI
517,MEELEB01390040SI
518,MEELEB01390041SI
519,MEELEB01390042SI
520,MEELEB01390044SI
521,MEELEB01390045SI
522,MEELEB01390046SI
523,MEELEB01390047SI
524,MEELEB01390048SI
525,MEELEB01390049SI
526,MEELEB01390050SI
527,MEELEB01390051SI
528,MEELEB01390052SI
529,MEELEB01390053SI
530,MEELEB01390054SI
531,MEELEB01390055SI
532,MEELEB01390058SI
533,MEELEB01390071SI
534,MEELEB01390072SI
535,MEELEB01390073SI
536,MEELEB01390074SI
537,MEELEB01390075SI
538,MEELEB01390076SI
539,MEELEP01400001SI
540,MEELFC01490012SI
541,MEELFC01490013SI
542,MEELFC01490014SI
543,MEELFC01490015SI
544,MEELFC01490016SI
545,MEELFC01490043SI
546,MEELFL05390002SI
547,MEELFL05390007SI
548,MEELFO01340003SI
549,MEELFO01340009SI
550,MEELFO01340010SI
551,MEELFO01340011SI
552,MEELFO01340012SI
553,MEELFO01340013SI
554,MEELFO01340014SI
555,MEELFR01370002SI
556,MEELFX01230002SI
557,MEELGL01440041SI
558,MEELGL01440045SI
559,MEELGL01440049SI
560,MEELGL01440053SI
561,MEELGL01440065SI
562,MEELGL01440071SI
563,MEELGL01440115SI
564,MEELGL01449903SA
565,MEELGL01449904SA
566,MEELGL01469910SA
567,MEELGL01469911SA
568,MEELGL01469912SA
569,MEELGL01509944SA
570,MEELIV01300003SI
571,MEELIV01300005SI
572,MEELIV01300006SI
573,MEELIV01300008SI
574,MEELJB01350009SI
575,MEELJB01350010SI
576,MEELJB01350011SI
577,MEELJB01350012SI
578,MEELJB01350013SI
579,MEELJB01350014SI
580,MEELJB01350015SI
581,MEELLC01450013SI
582,MEELLC01450014SI
583,MEELLC01450015SI
584,MEELLC01450016SI
585,MEELLC01450017SI
586,MEELLC01450018SI
587,MEELLC01450019SI
588,MEELLC01450020SI
589,MEELLC01450021SI
590,MEELLC01450022SI
591,MEELLC01450023SI
592,MEELLC01450024SI
593,MEELLC01450025SI
594,MEELLC01450026SI
595,MEELLC01450027SI
596,MEELLC01450031SI
597,MEELLC01450032SI
598,MEELLC01450033SI
599,MEELLC01450034SI
600,MEELLC01450047SI
601,MEELLC01450048SI
602,MEELLC01450049SI
603,MEELLC01450050SI
604,MEELLC01450063SI
605,MEELLC01450064SI
606,MEELLC01450065SI
607,MEELLC01450066SI
608,MEELLC01450067SI
609,MEELLC01450068SI
610,MEELLC01450069SI
611,MEELLC01450070SI
612,MEELLC01450071SI
613,MEELLC01450079SI
614,MEELLC01450083SI
615,MEELLC01450084SI
616,MEELLE01430004SI
617,MEELLE01430007SI
618,MEELLE01430010SI
619,MEELLE01430015SI
620,MEELLE01430016SI
621,MEELLE01430017SI
622,MEELLP01200002SI
623,MEELLT01460013SI
624,MEELLT01460014SI
625,MEELLT01460015SI
626,MEELLT01460016SI
627,MEELLT01460017SI
628,MEELLT01460018SI
629,MEELLT01460019SI
630,MEELLT01460020SI
631,MEELLT01460021SI
632,MEELLT01460022SI
633,MEELLT01460023SI
634,MEELLT01460024SI
635,MEELLT01460025SI
636,MEELLT01460026SI
637,MEELLT01460027SI
638,MEELLT01460031SI
639,MEELLT01460032SI
640,MEELLT01460033SI
641,MEELLT01460034SI
642,MEELLT01460045SI
643,MEELLT01460047SI
644,MEELLT01460048SI
645,MEELLT01460049SI
646,MEELLT01460050SI
647,MEELLT01460063SI
648,MEELLT01460064SI
649,MEELLT01460065SI
650,MEELLT01460066SI
651,MEELLT01460067SI
652,MEELLT01460068SI
653,MEELLT01460069SI
654,MEELLT01460070SI
655,MEELLT01460094SI
656,MEELLT01460098SI
657,MEELLT01460099SI
658,MEELMD01320003SI
659,MEELMD01320005SI
660,MEELPW01420047SI
661,MEELPW01420048SI
662,MEELPW01420049SI
663,MEELPW01420050SI
664,MEELPW01420051SI
665,MEELPW01420052SI
666,MEELPW01420053SI
667,MEELPW01420054SI
668,MEELPW01420055SI
669,MEELPY01210006SI
670,MEELPY01210007SI
671,MEELPY01210008SI
672,MEELPY01210009SI
673,MEELPY01210010SI
674,MEELPY01210011SI
675,MEELPY01210012SI
676,MEELPY01210013SI
677,MEELRB01260001SI
678,MEELRW01360010SI
679,MEELRW01360011SI
680,MEELRW01360012SI
681,MEELRW01360013SI
682,MEELRW01360014SI
683,MEELSD01250002SI
684,MEELSH01240002SI
685,MEELSK02120002SI
686,MEELSK02120003SI
687,MEELSK02120004SI
688,MEELSK02120005SI
689,MEELSU01530002SI
690,MEELSU01530003SI
691,MEELSU01530004SI
692,MEELSU01530005SI
693,MEELTB01190002SI
694,MEELTD07320001SO
695,MEELTP01280002SI
696,MEELUE01500003SI
697,MEELUE01500006SI
698,MEELUE01500008SI
699,MEELUE01500009SI
700,MEELUE01500016SI
701,MEELUE01500017SI
702,MEELUE01500024SI
703,MEELUE01500025SI
704,MEELUS01520002SI
705,MEELUS01520003SI
706,MEELVC01410047SI
707,MEELVC01410048SI
708,MEELVC01410049SI
709,MEELVC01410050SI
710,MEELVC01410051SI
711,MEELVC01410052SI
712,MEELVC01410053SI
713,MEELVC01410054SI
714,MEELVC01410055SI
715,MEELYF05380002SI
716,MEELYF05380003SI
717,MEELYR05370002SI
718,MEFACC00700003SI
719,MEFACM00750002SI
720,MEFADD00790003SI
721,MEFADT00800004SI
722,MEFADT00800005SI
723,MEFADT00800008SI
724,MEFADT00800009SI
725,MEFADT00800016SI
726,MEFADT00800017SI
727,MEFADT00800029SI
728,MEFADT00800036SI
729,MEFADT00800038SI
730,MEFADT00800039SI
731,MEFAET00720001SI
732,MEFAET00720003SI
733,MEFAFI00730002SI
734,MEFAFZ05960002SI
735,MEFAFZ05960004SI
736,MEFAFZ05960005SI
737,MEFAHO00760001SI
738,MEFAHO00760003SI
739,MEFAHO00760004SI
740,MEFAHO00760005SI
741,MEFAMC00770002SI
742,MEFAMC00770006SI
743,MEFAMC00770008SI
744,MEFAMC00770009SI
745,MEFAMM00740002SI
746,MEFAOB04590027SI
747,MEFAOB04590030SI
748,MEFAOB04590034SI
749,MEFAOB04590036SI
750,MEFAOB04590038SI
751,MEFAOB04590039SI
752,MEFAOB04590040SI
753,MEFAOB04590041SI
754,MEFAOB04590044SI
755,MEFAOB04590045SI
756,MEFAOL04580003SI
757,MEFAOL04580008SI
758,MEFAOL04580009SI
759,MEFAOL04580013SI
760,MEFAOL04580015SI
761,MEFAOL04580016SI
762,MEFAOL04580018SI
763,MEFARI00780002SI
764,MEFARI00780003SI
765,MEFAWV04570011SI
766,MEFAWV04570013SI
767,MEFBFB00200001SI
768,MEFEEX01000003SI
769,MEFEEX01000011SI
770,MEFEEX01000013SI
771,MEFEEX01000017SI
772,MEFEEX01000019SI
773,MEFEEX01000021SI
774,MEFEGU01010003SI
775,MEGSAB00810003SI
776,MEGSAG00980003SI
777,MEGSCE00930003SI
778,MEGSCH00970003SI
779,MEGSCK00940003SI
780,MEGSCY00990003SI
781,MEGSCY00990005SI
782,MEGSCY00990007SI
783,MEGSCY00990009SI
784,MEGSCY00990011SI
785,MEGSDI00860002SI
786,MEGSGD00870007SI
787,MEGSIN00850007SI
788,MEGSLS00890001SI
789,MEGSNO00960003SI
790,MEGSOH00950003SI
791,MEGSPN00880007SI
792,MEGSRS00820003SI
793,MEGSST00830002SI
794,MEGSSW00900003SI
795,MEGSTO00840006SI
796,MEGSWP00920001SI
797,MEHHAA01840001SI
798,MEHHCF01970004SI
799,MEHHCF01970005SI
800,MEHHCF01970006SI
801,MEHHCF01970007SI
802,MEHHCF01970008SI
803,MEHHCF01970089SI
804,MEHHCF01970090SI
805,MEHHCF01970091SI
806,MEHHCF01970092SI
807,MEHHCF01970093SI
808,MEHHCF01970094SI
809,MEHHCF01970095SI
810,MEHHCF01970096SI
811,MEHHCF01970097SI
812,MEHHCF01970098SI
813,MEHHCF01970099SI
814,MEHHCF01970100SI
815,MEHHCP01860002SI
816,MEHHCP01860003SI
817,MEHHCP01860004SI
818,MEHHCP01860005SI
819,MEHHCP01860006SI
820,MEHHDR01850002SI
821,MEHHFD01810002SI
822,MEHHFD01810003SI
823,MEHHFD01810004SI
824,MEHHFD01810005SI
825,MEHHFD01810006SI
826,MEHHFD01810007SI
827,MEHHFD01810008SI
828,MEHHFD01810009SI
829,MEHHHC01950002SI
830,MEHHHC01950003SI
831,MEHHHC01950004SI
832,MEHHHC01950005SI
833,MEHHHC01950006SI
834,MEHHHC01950007SI
835,MEHHHC01950008SI
836,MEHHHC01950009SI
837,MEHHHC01950010SI
838,MEHHHC01950011SI
839,MEHHHC01950012SI
840,MEHHHC01950013SI
841,MEHHHC01950014SI
842,MEHHHC01950015SI
843,MEHHHI02040012SI
844,MEHHHI02040013SI
845,MEHHHI02040014SI
846,MEHHHV01870001SI
847,MEHHHV01870003SI
848,MEHHHV01870004SI
849,MEHHHV01870005SI
850,MEHHHV01870006SI
851,MEHHKY04460002SI
852,MEHHLL01910002SI
853,MEHHLL01910003SI
854,MEHHLL01910004SI
855,MEHHLL01910005SI
856,MEHHLL01910006SI
857,MEHHLL01910007SI
858,MEHHLL01910008SI
859,MEHHLL01910009SI
860,MEHHLU02090037SI
861,MEHHLU02090038SI
862,MEHHLU02090039SI
863,MEHHLU02090040SI
864,MEHHLU02090041SI
865,MEHHLU02090042SI
866,MEHHLU02090043SI
867,MEHHME01900002SI
868,MEHHME01900003SI
869,MEHHME01900004SI
870,MEHHME01900005SI
871,MEHHME01900006SI
872,MEHHME01900007SI
873,MEHHME01900008SI
874,MEHHNE02020001SI
875,MEHHNE02020005SI
876,MEHHNE02020008SI
877,MEHHNE02020011SI
878,MEHHNE02020014SI
879,MEHHNE02020017SI
880,MEHHNE02020020SI
881,MEHHNE02020023SI
882,MEHHNE02020026SI
883,MEHHNE02020029SI
884,MEHHNE02020032SI
885,MEHHNE02020043SI
886,MEHHNE02020044SI
887,MEHHNE02020045SI
888,MEHHNE02020046SI
889,MEHHNE02020047SI
890,MEHHNE02020048SI
891,MEHHNE02020049SI
892,MEHHNE02020050SI
893,MEHHNE02020051SI
894,MEHHNI01940003SI
895,MEHHNI01940004SI
896,MEHHNI01940005SI
897,MEHHNI01940006SI
898,MEHHNI01940007SI
899,MEHHNI01940008SI
900,MEHHOI02060006SI
901,MEHHOI02060007SI
902,MEHHOI02060008SI
903,MEHHOI02060009SI
904,MEHHOI02060010SI
905,MEHHPF02110023SI
906,MEHHPF02110024SI
907,MEHHPF02110053SI
908,MEHHPF02110054SI
909,MEHHPF02110055SI
910,MEHHPF02110056SI
911,MEHHPF02110057SI
912,MEHHPF02110060SI
913,MEHHPF02110061SI
914,MEHHPF02110062SI
915,MEHHPF02110063SI
916,MEHHPF02110064SI
917,MEHHPF02110065SI
918,MEHHPF02110066SI
919,MEHHPF02110067SI
920,MEHHPF02110068SI
921,MEHHPF02110069SI
922,MEHHPF02110070SI
923,MEHHPF02110071SI
924,MEHHPF02110072SI
925,MEHHPF02110073SI
926,MEHHPF02110074SI
927,MEHHPF02110075SI
928,MEHHPF02110076SI
929,MEHHPF02110077SI
930,MEHHPF02110080SI
931,MEHHPF02110081SI
932,MEHHPF02110082SI
933,MEHHPF02110083SI
934,MEHHPF02110084SI
935,MEHHPF02110085SI
936,MEHHPF02110086SI
937,MEHHPF02110087SI
938,MEHHPF02110088SI
939,MEHHPF02110089SI
940,MEHHPF02110090SI
941,MEHHPF02110091SI
942,MEHHPF02110092SI
943,MEHHPF02110093SI
944,MEHHPF02110094SI
945,MEHHPF02110095SI
946,MEHHPF02110096SI
947,MEHHPF02110097SI
948,MEHHPF02110098SI
949,MEHHPF02110099SI
950,MEHHPF02110100SI
951,MEHHPF02110101SI
952,MEHHPF02110102SI
953,MEHHRU01960003SI
954,MEHHRU01960004SI
955,MEHHRU01960005SI
956,MEHHRU01960006SI
957,MEHHRU01960007SI
958,MEHHRU01960008SI
959,MEHHTG01880001SI
960,MEHHTI01830001SI
961,MEHHTM01820002SI
962,MEHHUC02030004SI
963,MEHHUC02030005SI
964,MEHHUC02030006SI
965,MEHHUC02030007SI
966,MEHHUC02030008SI
967,MEHHUC02030009SI
968,MEHHUC02030010SI
969,MEHHUC02030011SI
970,MEHHUC02030012SI
971,MEHHUC02030013SI
972,MEHHUN02050004SI
973,MEHHUN02050008SI
974,MEHHUN02050009SI
975,MEHHUN02050010SI
976,MEHHUN02050011SI
977,MEHHUT01990003SI
978,MEHHUT01990004SI
979,MEHHUT01990005SI
980,MEHHUT01990006SI
981,MEHHUT01990007SI
982,MEHHUT01990008SI
983,MEHHUT01990012SI
984,MEHHUT01990013SI
985,MEHHUT01990014SI
986,MEHHUT01990015SI
987,MEHHUT01990016SI
988,MEHHUT01990017SI
989,MEHHUT01990018SI
990,MEHHUT01990019SI
991,MEHHUT01990020SI
992,MEHHUT01990021SI
993,MEHHVA01890001SI
994,MEHHVA01890003SI
995,MEHHVA01890004SI
996,MEHHVA01890005SI
997,MEHHVA01890006SI
998,MEHHVA01890007SI
999,MEHHVA01890008SI
1000,MEHHYT01920003SI
1001,MEHHYT01920004SI
1002,MEHHYT01920005SI
1003,MEHHYT01920006SI
1004,MEHHYT01920007SI
1005,MEHHYT01920008SI
1006,MEHHYT01920009SI
1007,MEHLAL01570001SI
1008,MEHLAT01730002SI
1009,MEHLAT01730003SI
1010,MEHLCU01540002SI
1011,MEHLCU01540003SI
1012,MEHLDA01740002SI
1013,MEHLDA01740003SI
1014,MEHLDA01740004SI
1015,MEHLDA01740005SI
1016,MEHLDA01740006SI
1017,MEHLDA01740010SI
1018,MEHLDA01740011SI
1019,MEHLDA01740012SI
1020,MEHLDA01740017SI
1021,MEHLDA01740018SI
1022,MEHLDA01740019SI
1023,MEHLDA01740020SI
1024,MEHLDE01680001SI
1025,MEHLDL01560001SI
1026,MEHLDS01800003SI
1027,MEHLDW01670002SI
1028,MEHLDW01670003SI
1029,MEHLDW01670005SI
1030,MEHLDW01670006SI
1031,MEHLED01700002SI
1032,MEHLED01700003SI
1033,MEHLED01700004SI
1034,MEHLED01700005SI
1035,MEHLED01700006SI
1036,MEHLEL01930002SI
1037,MEHLEL01930003SI
1038,MEHLFE01750003SI
1039,MEHLFE01750004SI
1040,MEHLFE01750005SI
1041,MEHLFE01759904SA
1042,MEHLGE01620002SI
1043,MEHLGE01620007SI
1044,MEHLGE01620008SI
1045,MEHLGE01620010SI
1046,MEHLGG01580002SI
1047,MEHLGG01580003SI
1048,MEHLGG01580004SI
1049,MEHLGG01580005SI
1050,MEHLGG01580006SI
1051,MEHLGG01580007SI
1052,MEHLGG01580008SI
1053,MEHLGG01580009SI
1054,MEHLGG01580010SI
1055,MEHLGG01580011SI
1056,MEHLGG01580013SI
1057,MEHLGT05240002SI
1058,MEHLGT05240003SI
1059,MEHLGT05240004SI
1060,MEHLGT05240006SI
1061,MEHLGT05240008SI
1062,MEHLGT05240009SI
1063,MEHLGT05240010SI
1064,MEHLGW01630002SI
1065,MEHLIB01690005SI
1066,MEHLID05780003SI
1067,MEHLID05780004SI
1068,MEHLID05780005SI
1069,MEHLID05780006SI
1070,MEHLID05780007SI
1071,MEHLID05780008SI
1072,MEHLID05780009SI
1073,MEHLID05780010SI
1074,MEHLID05780011SI
1075,MEHLID05780012SI
1076,MEHLID05780013SI
1077,MEHLID05780014SI
1078,MEHLIF01710002SI
1079,MEHLIF01710003SI
1080,MEHLIF01710004SI
1081,MEHLIF01710005SI
1082,MEHLIF01710006SI
1083,MEHLIS01760001SI
1084,MEHLIS01760003SI
1085,MEHLIU04520003SI
1086,MEHLIU04520004SI
1087,MEHLIU04520007SI
1088,MEHLIU04520008SI
1089,MEHLIU04520009SI
1090,MEHLIU04520010SI
1091,MEHLIU04520012SI
1092,MEHLJU04510002SI
1093,MEHLJU04510003SI
1094,MEHLKU04500001SI
1095,MEHLLG01610001SI
1096,MEHLLG01610003SI
1097,MEHLLR01780006SI
1098,MEHLLR01780007SI
1099,MEHLLR01780008SI
1100,MEHLLR01780009SI
1101,MEHLLR01780010SI
1102,MEHLLR01780011SI
1103,MEHLLR01780012SI
1104,MEHLLR01780013SI
1105,MEHLLR01780014SI
1106,MEHLLR01780015SI
1107,MEHLLR01780016SI
1108,MEHLNU01790003SI
1109,MEHLOU04490001SI
1110,MEHLOV01770006SI
1111,MEHLOV01770007SI
1112,MEHLOV01770008SI
1113,MEHLOV01770009SI
1114,MEHLOV01770010SI
1115,MEHLPD01660005SI
1116,MEHLPD01660006SI
1117,MEHLPD01660007SI
1118,MEHLRF01720002SI
1119,MEHLRF01720003SI
1120,MEHLRF01720004SI
1121,MEHLRF01720005SI
1122,MEHLRF01720006SI
1123,MEHLRG01600001SI
1124,MEHLRR01650002SI
1125,MEHLRR01650003SI
1126,MEHLRR01650004SI
1127,MEHLRR01650006SI
1128,MEHLRR01650007SI
1129,MEHLRR01650008SI
1130,MEHLSQ01640002SI
1131,MEHLSQ01640003SI
1132,MEHLSQ01640004SI
1133,MEHLSQ01640005SI
1134,MEHLTK05250001SI
1135,MEHLTK05250003SI
1136,MEHLTX05210002SI
1137,MEHLTX05210003SI
1138,MEHLTX05210004SI
1139,MEHLTX05210005SI
1140,MEHLTX05210006SI
1141,MEHLUK01550002SI
1142,MEHLUP05190001SI
1143,MEHLUP05190002SI
1144,MEHLWE04530001SI
1145,MEHLWE04530003SI
1146,MEHLWE04530004SI
1147,MEHLWE04530005SI
1148,MEHLWE04530007SI
1149,MEHLWE04530008SI
1150,MEHLWE04530011SI
1151,MEHLWE04530012SI
1152,MEHLWE04530013SI
1153,MEHLWE04530014SI
1154,MEHLWE04530015SI
1155,MEHLWE04530016SI
1156,MEHLWW05260002SI
1157,MEHLXR05180001SI
1158,MEHLXT05200002SI
1159,MEHVAY04480002SI
1160,MEHVAY04480003SI
1161,MEHVAY04480004SI
1162,MEHVAY04480008SI
1163,MEHVAY04480009SI
1164,MEHVAY04480010SI
1165,MEHVAY04480011SI
1166,MEHVAY04480012SI
1167,MEHVAY04480013SI
1168,MEHVCX04400001SI
1169,MEHVCX04400005SI
1170,MEHVDZ04370001SI
1171,MEHVEQ04380002SI
1172,MEHVEQ04380003SI
1173,MEHVEQ04380004SI
1174,MEHVEQ04380005SI
1175,MEHVEQ04380006SI
1176,MEHVEQ04380007SI
1177,MEHVEQ04380008SI
1178,MEHVEQ04380009SI
1179,MEHVEQ04380010SI
1180,MEHVEQ04380011SI
1181,MEHVGV04420002SI
1182,MEHVGV04420003SI
1183,MEHVGV04420004SI
1184,MEHVGV04420005SI
1185,MEHVGV04420006SI
1186,MEHVIZ04360001SI
1187,MEHVNZ04350002SI
1188,MEHVTC04440002SI
1189,MEHVTC04440003SI
1190,MEHVTC04440004SI
1191,MEHVTC04440005SI
1192,MEHVTC04440006SI
1193,MEHVTC04440007SI
1194,MEHVTC04440008SI
1195,MEHVTC04440009SI
1196,MEHVTC04440010SI
1197,MEHVTC04440011SI
1198,MEHVTC04440012SI
1199,MEHVTC04440013SI
1200,MEHVUD04450003SI
1201,MEHVUD04450004SI
1202,MEHVUD04450005SI
1203,MEHVUD04450006SI
1204,MEHVUD04450007SI
1205,MEHVUD04450008SI
1206,MEHVUD04450009SI
1207,MEHVUD04450010SI
1208,MEHVUD04450011SI
1209,MEHVUD04450012SI
1210,MEHVUY04430007SI
1211,MEHVUY04430008SI
1212,MEHVUY04430009SI
1213,MEHVUY04430010SI
1214,MEHVUY04430011SI
1215,MEHVUY04430012SI
1216,MEHVUY04430013SI
1217,MEHVVV04390002SI
1218,MEHVYB04410001SI
1219,MEITKC02210007SO
1220,MEITKC02210019SO
1221,MEITKS02140003SO
1222,MEITKS02140011SO
1223,MEITKS02140028SO
1224,MEITON02240049SO
1225,MEITON02240073SO
1226,MEITQC05030003SO
1227,MEITQC05030004SO
1228,MEITQC05030005SO
1229,MEITQC05030006SO
1230,MEITQC05030007SO
1231,MEITQC05030008SO
1232,MEITQC05030009SO
1233,MEITQC05030010SO
1234,MEITQC05030011SO
1235,MEITQC05030012SO
1236,MEITQC05030013SO
1237,MEITQC05030014SO
1238,MEITQC05030015SO
1239,MEITQC05030016SO
1240,MEITQC05030017SO
1241,MEITQC05030018SO
1242,MEITQC05030019SO
1243,MEITQC05030020SO
1244,MEITQC05030021SO
1245,MEITQC05030022SO
1246,MEITQC05030023SO
1247,MEITQC05030024SO
1248,MEITQC05030025SO
1249,MEITQC05030026SO
1250,MEITQC05030027SO
1251,MEITQC05030028SO
1252,MEITQC05030029SO
1253,MEITQC05030030SO
1254,MEITQC05030031SO
1255,MEITQC05030032SO
1256,MEITQC05030033SO
1257,MEITQC05030034SO
1258,MEITQC05030035SO
1259,MEITQC05030036SO
1260,MEITQC05030037SO
1261,MEITQC05030038SO
1262,MEITQC05030039SO
1263,MEITWE02200019SO
1264,MEITWE02200025SO
1265,MEITWJ04960002SI
1266,MEITWJ04960003SI
1267,MEITWJ04960006SI
1268,MEITWJ04960008SI
1269,MEITWJ04960009SI
1270,MEITWJ04960010SI
1271,MEITWJ04960012SI
1272,MEITWJ04960013SI
1273,MEITWJ04960014SI
1274,MEITWJ04960015SI
1275,MEITWX04970001SO
1276,MEIXJD03200258SO
1277,MEIXJH03220135SO
1278,MEIXJH03220136SO
1279,MEIXJI03230239SO
1280,MEIXNW03240145SO
1281,MEIXQT05130002SO
1282,MEIXWN03250110SO
1283,MEPAAM00680025SI
1284,MEPAAM00680028SI
1285,MEPAAM00680031SI
1286,MEPAAM00680032SI
1287,MEPAAM00680033SI
1288,MEPAAM00680034SI
1289,MEPAAM00680035SI
1290,MEPAAM00680036SI
1291,MEPAAM00680037SI
1292,MEPAAM00680038SI
1293,MEPAAM00680039SI
1294,MEPAAM00680040SI
1295,MEPACO00660004SI
1296,MEPARA00640002SI
1297,MEPARA00640003SI
1298,MEPARA00640004SI
1299,MEPARA00640005SI
1300,MEPARA00640006SI
1301,MEPASC00670004SI
1302,MEPASC00670007SI
1303,MEPASC00670010SI
1304,MEPASC00670012SI
1305,MEPASC00670013SI
1306,MEPASC00670019SI
1307,MEPASC00670021SI
1308,MEPASC00670022SI
1309,MEPASC00670023SI
1310,MEPASC00670024SI
1311,MEPASC00670025SI
1312,MEPASC0067SI
1313,MEPASP00690008SI
1314,MEPASP00690015SI
1315,MEPASP00690023SI
1316,MEPASP00690031SI
1317,MEPASP00690032SI
1318,MEPASP00690041SI
1319,MEPASP00690047SI
1320,MEPASP00690048SI
1321,MEPHAU03540002SI
1322,MEPHBZ03510001SI
1323,MEPHEW03550002SI
1324,MEPHFA03530007SI
1325,MEPHGF03350002SI
1326,MEPHGY03450004SI
1327,MEPHGY03450005SI
1328,MEPHGY03450006SI
1329,MEPHGY03450007SI
1330,MEPHHY03440003SI
1331,MEPHHY03440006SI
1332,MEPHHZ03520002SI
1333,MEPHJU03490003SI
1334,MEPHJY03390004SI
1335,MEPHKU03480003SI
1336,MEPHKW03420002SI
1337,MEPHLJ03400002SI
1338,MEPHOL03470002SI
1339,MEPHOL03470003SI
1340,MEPHSZ03500001SI
1341,MEPHTC03280001SI
1342,MEPHVL0330SI
1343,MEPHWE03340004SI
1344,MEPHYL03380003SI
1345,MEROMB00560003SI
1346,MERORC00570001SI
1347,MERORP00590001SI
1348,MERORP00590003SI
1349,MERORT00580005SI
1350,MERORT00580012SI
1351,MESKBF01130007SI
1352,MESKBF01130008SI
1353,MESKBF01130009SI
1354,MESKBF01130012SI
1355,MESKBF01130026SI
1356,MESKBF01130027SI
1357,MESKBF01130028SI
1358,MESKBF01130029SI
1359,MESKBV01120014SI
1360,MESKBV01120016SI
1361,MESKBV0112SI
1362,MESKFP01080003SI
1363,MESKFP01080004SI
1364,MESKFP01080005SI
1365,MESKFP01080006SI
1366,MESKFP01080007SI
1367,MESKFP01080008SI
1368,MESKFP01080009SI
1369,MESKGH01170010SI
1370,MESKGH01170011SI
1371,MESKGH01170012SI
1372,MESKGH01170013SI
1373,MESKGH01170014SI
1374,MESKGH01170015SI
1375,MESKGH01170016SI
1376,MESKGH01170017SI
1377,MESKGP01150002SI
1378,MESKGP01150003SI
1379,MESKGP01150004SI
1380,MESKGP01150005SI
1381,MESKGP01150006SI
1382,MESKGP01150007SI
1383,MESKGP01150008SI
1384,MESKGP01150009SI
1385,MESKKL01040001SI
1386,MESKOD01030002SI
1387,MESKPG01020003SI
1388,MESKPG01020006SI
1389,MESKPG01029902SA
1390,MESKPL01100002SI
1391,MESKRG02130002SI
1392,MESKSB01140001SI
1393,MESKSB01140012SI
1394,MESKSB01140013SI
1395,MESKSB01140014SI
1396,MESKSB01140021SI
1397,MESKSB01140024SI
1398,MESKSB01140025SI
1399,MESKSB01140028SI
1400,MESKSB01140029SI
1401,MESKSF01070002SI
1402,MESKSF01070011SI
1403,MESKSF01070012SI
1404,MESKSF01070013SI
1405,MESKTF01060002SI
1406,MESKTF01060003SI
1407,MESKTF01060004SI
1408,MESKTF01060005SI
1409,MESKTF01060007SI
1410,MESKTF01060008SI
1411,MESKTF01060009SI
1412,METATA03140001SI
1413,METUTU00190001SI
1414,MEUPJM03860002SO
1415,MEUPJM03860003SO
1416,MEUPJM03860004SO
1417,MEUPJM03860006SO
1418,MEUPJM03860007SO
1419,MEUPJM03860008SO
1420,MEUPJM03860009SO
1421,MEUPJM03860010SO
1422,MEUPJM03860011SO
1423,MEUPJM03860012SO
1424,MEUPJM03860013SO
1425,MEUPJM03860014SO
1426,MEUPJM06230001SI
1427,MEUPJN03870003SO
1428,MEUPJN03870004SO
1429,MEUPJN03870005SO
1430,MEUPJN03870006SO
1431,MEUPJN06220002SI
1432,MEUPJN06220003SI
1433,MEUPJN06220004SI
1434,MEUPJN06220005SI
1435,MEUPJN06220006SI
1436,MEUPJN06220007SI
1437,MEUPJN06220008SI
1438,MEUPTJ06210002SI
1439,MEUPTJ06210003SI
1440,MEUPTJ06210004SI
1441,MEUPTJ06210005SI
1442,MEUPTJ06210006SI
1443,MEUPTJ06210007SI
1444,MEUPTJ06210008SI
1445,MEVABZ04340008SI
1446,MEVABZ04340009SI
1447,MEVABZ04340010SI
1448,MEVABZ04340011SI
1449,MEVABZ04340012SI
1450,MEVABZ04340013SI
1451,MEVADX04320002SI
1452,MEVALQ04270002SI
1453,MEVANJ04290002SI
1454,MEVAOT05220002SI
1455,MEVAOT05220004SI
1456,MEVAOT05220005SI
1457,MEVAPK04300002SI
1458,MEVAVJ04280001SI
1459,MEVAVJ04280002SI
1460,MEVAVJ04280003SI
1461,MEVAVX04310001SI
1462,MEVAVZ04330002SI
1463,MEVEAC00230002SI
1464,MEVEAN00220002SI
1465,MEVEAP00240003SI
1466,MEVEAP00240005SI
1467,MEVEPV00210002SI
1468,MEVGVK05750001SI
1469,MEWLSR00610002SI
1470,MEWLSR00610003SI
1471,MEWLSR00610004SI
1472,MEWLSR00610005SI
1473,MEWLTE00600002SI
1474,MEWLWL00620001SI
1475,MEWLWL00620012SI
